"";"station";"variable";"p5";"p25";"p50";"p75";"p95"
"1";2001;"deficit30";-24,9187649632465;39,0459298384474;696,352771415142;3769,65660017496;Inf
"2";2001;"duration30";-0,3;1,5;6;7,5;22,3
"3";2001;"count30";-0,3;0;0;0;0,599999999999998
"4";2001;"intensity30";-19,0659574127411;12,390918996385;86,2437933148317;331,932484933657;Inf
"5";6007;"deficit30";23,3441701224047;64,3839932730075;89,039076441542;514,161174273396;1860,34405853343
"6";6007;"duration30";3;3;7;15;24,8
"7";6007;"count30";-0,3;0;0;1;1
"8";6007;"intensity30";-10,2900030488173;3,96308255705084;12,2189508236629;94,254200534075;161,064974708312
"9";6008;"deficit30";-25,1564207140515;76,8055951220891;134,186912115718;1355,62088853483;Inf
"10";6008;"duration30";0;1,5;5;15;27,2
"11";6008;"count30";0;0;0;1;3
"12";6008;"intensity30";-33,2658429844866;5,58158722826485;23,7432078833669;114,33552351675;Inf
"13";7002;"deficit30";-6,09870331229549;51,0058075205412;64,2530970065423;187,293707460016;1317,81492850006
"14";7002;"duration30";-2,4;3,5;9;16,75;21,85
"15";7002;"count30";0;0;0;0,75;1,55
"16";7002;"intensity30";-15,5784592246506;-6,26105795725728;10,3485090737615;37,8138109948457;96,0140742980332
"17";7004;"deficit30";15,7197153494464;66,931506632749;192,970255493281;35618,6752326016;Inf
"18";7004;"duration30";1;3,25;5;17,75;23,2
"19";7004;"count30";0;0;0;1,75;2
"20";7004;"intensity30";-11,0171284293707;-2,21319041251332;14,2342971283293;627,747405948932;Inf
"21";8004;"deficit30";-30,5444543262614;-5,73366964807815;33,8902220935886;39,4338283217525;45,1032257646703
"22";8004;"duration30";-9,4;1;16;17;20,2
"23";8004;"count30";-0,8;0;1;1;3,4
"24";8004;"intensity30";-12,8483748928514;-8,12183846769053;0,183512772149007;1,55640707913314;5,70796000399467
"25";8005;"deficit30";-44,6246018960382;47,9740580253102;78,8899330770682;31180,6317319482;Inf
"26";8005;"duration30";0;0;3;8;23,8
"27";8005;"count30";0;0;0;0;1
"28";8005;"intensity30";-44,3945102141657;4,91885283046487;21,074355340184;617,445681925418;Inf
"29";8006;"deficit30";-0,521624540262922;53,8680430126398;70,0368928736368;Inf;Inf
"30";8006;"duration30";-2;0,5;4;11,5;24
"31";8006;"count30";-0,5;0;0;0;1
"32";8006;"intensity30";-2,58397190362551;13,2958754613154;24,2712850029969;Inf;Inf
"33";8009;"deficit30";2,15334654653719;68,9998992264634;103,548755515892;171,237464318083;503,258388386293
"34";8009;"duration30";0,85;9;16;22,25;25,55
"35";8009;"count30";0;0,25;1;1;2
"36";8009;"intensity30";-1,43519015554698;8,71476629573268;16,0896053896056;19,5551007710318;59,0584164925634
"37";9001;"deficit30";-33,0945807632493;-4,87502049938593;32,9456850682143;43,0016473797689;45,5539092449424
"38";9001;"duration30";-11,6;-2;13;15;17,4
"39";9001;"count30";-1,6;0;1;1;1,8
"40";9001;"intensity30";-10,3799935174125;-1,02805441664052;5,185344938498;6,86444587052644;8,6696653725948
"41";9002;"deficit30";-30,579778963887;-6,33898124579074;29,8490021902402;44,1317755142844;47,8242930439173
"42";9002;"duration30";-10,6;-1;10;15;18,2
"43";9002;"count30";-1,6;0;0;1;1
"44";9002;"intensity30";-8,56510827239721;-3,44733834750567;3,92270583235068;7,48127698073568;8,92901261575254
"45";10002;"deficit30";1,60778187510125;49,339821731929;125,451690474643;291,602764959293;Inf
"46";10002;"duration30";0,7;3;4;14,5;25,3
"47";10002;"count30";-0,3;0;0;1;1,6
"48";10002;"intensity30";-15,0576886095306;-1,86547136698223;24,0823940596725;46,8138142398521;Inf
"49";10003;"deficit30";0,0843018436772649;36,1231229709405;70,7731247880182;85,4762592506283;100,819927262895
"50";10003;"duration30";3;11;19;22;22,8
"51";10003;"count30";1,2;2;2;2;3,6
"52";10003;"intensity30";-10,8743094030726;-3,678230125054;2,68255989873269;4,64168258967117;7,82008001404046
"53";11001;"deficit30";-61,7564804241556;-16,7625365203088;59,1733027458509;1173,15891926079;Inf
"54";11001;"duration30";-6;-0,5;1;8,5;17
"55";11001;"count30";-0,5;0;0;0;1
"56";11001;"intensity30";-59,342343021699;-1,06337375827123;13,7371233675665;125,086536741687;Inf
"57";11002;"deficit30";-86,3357571428282;-29,4295140054917;26,6820745110261;48,324227445786;617209,059001474
"58";11002;"duration30";-7,95;-0,75;3;10;17,2
"59";11002;"count30";-0,55;0;0;0;1,55
"60";11002;"intensity30";-73,1441633583705;-9,10170940671678;6,34290908074292;12,8177647623593;2979,74077195369
"61";12001;"deficit30";-29,5346614277815;-9,66184661792867;31,4095873212806;44,4565012591438;45,575126685379
"62";12001;"duration30";-10,6;-1;13;13;18,6
"63";12001;"count30";-1;-1;0;1;1,8
"64";12001;"intensity30";-7,4070340193781;-6,66682688359631;2,19675997300802;4,84582623810483;8,73014770493273
"65";12002;"deficit30";-28,014423337658;-8,058387339007;33,7994932126005;47,1958981562912;48,3039653653319
"66";12002;"duration30";-9,2;-2;13;15;19,8
"67";12002;"count30";-0,8;0;0;1;1,8
"68";12002;"intensity30";-6,74069649326497;-4,32908635743786;2,58454981316924;4,52395813914529;7,55455981268006
"69";12003;"deficit30";-29,5620737125985;-9,80366688063929;35,0126845489998;39,6468727110029;43,3223649312037
"70";12003;"duration30";-9,6;0;13;14;18,8
"71";12003;"count30";-0,8;0;0;0;1,6
"72";12003;"intensity30";-9,65887635776517;-9,35809801046419;-0,533609705139012;6,40830222929646;6,6124918288164
"73";12008;"deficit30";15,324259961672;57,1906835838304;99,2671901601338;423,295178310212;2610,14246928894
"74";12008;"duration30";3,45;5,75;14;21,75;27,1
"75";12008;"count30";0;0;1;2,75;4,1
"76";12008;"intensity30";-24,9600490929148;-5,9145521441987;2,7845707311971;10,5916219552522;168,545880937275
"77";13001;"deficit30";31,3007691440914;73,7062320372985;94,8854700633482;201,0208283428;354,029170044328
"78";13001;"duration30";2,45;4,75;14;24,5;39
"79";13001;"count30";0;0;1;1;2
"80";13001;"intensity30";-6,26241568020346;18,1064195469659;24,4163722704675;33,5739628330595;100,858745386353
"81";13005;"deficit30";-59,0803368325162;71,1289234405648;149,011437063143;257,972241121733;Inf
"82";13005;"duration30";0;1;5;28;39,6
"83";13005;"count30";0;0;0;1;1
"84";13005;"intensity30";-64,6337196909604;16,6223425624902;28,0633087956622;54,6083980797585;Inf
"85";13007;"deficit30";-10,6726124292819;4,78174803907475;79,2410881895989;3850,44397321362;Inf
"86";13007;"duration30";-2,55;0;3,5;10,25;17,75
"87";13007;"count30";-0,55;0;0;0;1,55
"88";13007;"intensity30";-0,72922056508575;8,39399888235665;20,2348259307324;240,434279901133;Inf
"89";13008;"deficit30";2,29676621071101;21,2656164317654;69,967965745451;84,7821739791408;107,301120685356
"90";13008;"duration30";2,4;8;19;23;25,4
"91";13008;"count30";1;1;2;3;3,8
"92";13008;"intensity30";-8,19357064262463;-5,73096240030601;4,28580913414107;6,18382884531308;12,9153293554404
"93";13009;"deficit30";-23,5999502926992;31,2836361042246;65,2271627036724;364,536319550836;6435,12976764473
"94";13009;"duration30";0,35;5,25;10,5;16,75;20,55
"95";13009;"count30";0;0;1;2,75;4,55
"96";13009;"intensity30";-36,6220357012685;-14,137388705496;-8,84663417375003;24,3293587348299;285,913310415448
"97";15006;"deficit30";-22,0544474397958;19,862464605497;76,5901999811166;1255,81627684128;Inf
"98";15006;"duration30";-0,3;0,5;3;10;21,4
"99";15006;"count30";-0,3;0;0;0;1
"100";15006;"intensity30";-8,27207504920823;4,64939573616397;22,9949829804139;44,1843063714901;Inf
"101";15023;"deficit30";1,49951210188225;33,8787276009235;83,2050781332724;96,5926165652649;Inf
"102";15023;"duration30";1,75;5;15,5;23;26
"103";15023;"count30";0,5;2;2;2,75;3
"104";15023;"intensity30";-13,7016824113232;-5,8473040877634;1,77416229924605;12,2771453792393;Inf
"105";15024;"deficit30";48,1592614622302;71,9896702111166;124,498131456793;287,857537259825;Inf
"106";15024;"duration30";3,4;7;12;23;28,3
"107";15024;"count30";0;0;1;2;3
"108";15024;"intensity30";-28,0716817984889;2,18512820768942;13,7035429158035;28,7475175177193;Inf
"109";15025;"deficit30";53,9114441100175;67,88690809382;87,7303778018832;Inf;Inf
"110";15025;"duration30";0;6,75;13;16,75;31,1
"111";15025;"count30";0;0;2,5;4;4
"112";15025;"intensity30";-1,68140034374274;2,31066164715569;6,61722210628492;Inf;Inf
"113";16001;"deficit30";-12,6210259242931;22,0331026839529;53,8266765287364;Inf;Inf
"114";16001;"duration30";-3,3;-0,5;2;12,25;19,9
"115";16001;"count30";0;0;0;0;0
"116";16001;"intensity30";-6,4178208037324;5,13035549527401;10,9991392469792;Inf;Inf
"117";16003;"deficit30";-8,85738372424249;26,4037353329239;57,7236548583652;Inf;Inf
"118";16003;"duration30";-1,95;0;2,5;14,75;20,9
"119";16003;"count30";0;0;0;0;0
"120";16003;"intensity30";-4,88081585693617;3,886537180206;11,8573745749315;Inf;Inf
"121";16007;"deficit30";-23,7131036020514;107,630171730518;159,085452348052;Inf;Inf
"122";16007;"duration30";0;1;28;42;46,2
"123";16007;"count30";0;0;4;4;5
"124";16007;"intensity30";-63,3010374132946;4,30535781739717;9,33300555298634;Inf;Inf
"125";17003;"deficit30";-68,2453367905001;-20,2997366454636;31,7647687780426;1776,39238831327;Inf
"126";17003;"duration30";-9,4;0;1;7;16,4
"127";17003;"count30";-1,6;0;0;0;0
"128";17003;"intensity30";-64,0331758179644;-5,3655947721843;7,38332860574434;350,334173195184;Inf
"129";17005;"deficit30";-22,3340120106556;0,268692489698772;70,5438947602009;Inf;Inf
"130";17005;"duration30";-8,55;-1;0,5;4,75;16,65
"131";17005;"count30";-1,65;-0,25;0;0;0
"132";17005;"intensity30";-8,16137811660041;7,09769950630833;22,2200486007394;Inf;Inf
"133";18001;"deficit30";-64,3520989963549;-9,94243556961067;45,3346326168014;537,384843612251;Inf
"134";18001;"duration30";-3,2;0;1;13;20
"135";18001;"count30";-1;-1;0;0;0
"136";18001;"intensity30";-63,0124645000396;-3,37450544360989;10,5866938886857;87,4661304741914;Inf
"137";18011;"deficit30";26,3065069265902;45,955953481045;108,350645182034;368,749194565679;Inf
"138";18011;"duration30";0,45;2,75;8;19;29,3
"139";18011;"count30";0;0;0,5;2;3
"140";18011;"intensity30";-2,77297028681105;3,38325664468474;18,8470411190104;66,2904885069374;Inf
"141";19006;"deficit30";-15,9866290240776;1,66478873322076;42,9785082338156;Inf;Inf
"142";19006;"duration30";-6,5;0;1;7,75;16,65
"143";19006;"count30";-1;-0,25;0;0;0
"144";19006;"intensity30";-6,41773067223344;-4,33054641264664;13,1546064571571;Inf;Inf
"145";19011;"deficit30";-23,0851777447393;12,7710512495022;59,5785742242431;100,31835144146;447,637288503605
"146";19011;"duration30";-5,3;2,5;12;16,75;32,1
"147";19011;"count30";-0,55;0;0,5;1;2
"148";19011;"intensity30";-6,23093248032629;2,17035413902542;7,45066842114271;25,2818109686616;108,271141716138
"149";20001;"deficit30";-24,9387147622665;-3,39182313045193;46,5855761772648;Inf;Inf
"150";20001;"duration30";-8,1;-2,5;1;9,5;16,7
"151";20001;"count30";-1;-0,5;0;0;0,699999999999999
"152";20001;"intensity30";-5,64737934440025;1,61476604185448;10,7084766644133;Inf;Inf
"153";20003;"deficit30";-21,1247109866719;-15,635459349881;13,2392593435124;41,8071242258686;43,3264982769036
"154";20003;"duration30";-11,2;-8;4;17;17
"155";20003;"count30";-0,8;0;0;0;0,8
"156";20003;"intensity30";-0,845316907904724;-0,362173920529967;5,76233274149132;6,34418442763802;10,6689804192274
"157";21003;"deficit30";-21,5321643633493;-11,0683738658957;11,1730952218125;42,3362249364256;47,1948908407962
"158";21003;"duration30";-11;-3;5;16;18,4
"159";21003;"count30";-0,8;0;0;0;0
"160";21003;"intensity30";-5,31943146432847;-2,13804775949823;3,45434146029809;8,31302676285911;12,7222981941783
"161";21006;"deficit30";-22,1912700874448;-12,2972125784656;9,64946479855631;44,4834956479417;46,9684496112653
"162";21006;"duration30";-10,4;-4;4;17;18,6
"163";21006;"count30";-1,6;0;0;0;0,8
"164";21006;"intensity30";-4,75183479373148;-1,79285796426095;2,62220628107977;6,8750672665081;11,1275242889926
"165";21009;"deficit30";-23,0495124032078;-3,73919465299752;24,568168795857;52,0328137280143;Inf
"166";21009;"duration30";-8,25;-2;1,5;12,5;19
"167";21009;"count30";-1;-0,75;0;0,75;1
"168";21009;"intensity30";-7,60550382093558;-0,0310756149527944;5,84420885908785;13,2117686838859;Inf
"169";21012;"deficit30";-22,4585270819422;-3,64099898867538;26,1795344319006;48,7314479153699;Inf
"170";21012;"duration30";-8,75;-1,5;1;11;17,75
"171";21012;"count30";-1;-0,75;0,5;1;1
"172";21012;"intensity30";-1,67445765552577;-0,395175055874065;5,53172189844326;9,38407720532952;Inf
"173";21013;"deficit30";-28,2025412809022;-20,1993313341951;6,59439558106052;42,029700442222;43,775601244168
"174";21013;"duration30";-9,4;-7;0;13;14,6
"175";21013;"count30";-1,8;-1;0;1;1,8
"176";21013;"intensity30";-4,2173659370922;-1,98202946727971;5,00934880662095;6,85778063521113;9,41232696017111
"177";21017;"deficit30";-87,9427811077709;-28,8379605840861;9,16653730009064;274,290946593506;790,321277681265
"178";21017;"duration30";-6,3;-3;2;12;14,8
"179";21017;"count30";-1;0;0;0;1
"180";21017;"intensity30";-43,6532826568118;-11,8097498744591;4,53466436446493;23,5941251207588;59,380283364545
"181";21021;"deficit30";-18,0682579806082;2,00431483852057;34,9863759514416;64,9135059240489;Inf
"182";21021;"duration30";-6,25;-0,75;2;14,5;21
"183";21021;"count30";-0,75;0;0,5;1;1,75
"184";21021;"intensity30";-3,69528828403074;0,317240422556153;7,21877618616943;11,6625815770402;Inf
"185";21022;"deficit30";-23,8049758775013;-8,83725218278643;30,9500797426247;54,9485718542557;Inf
"186";21022;"duration30";-10;-5;2,5;12,25;17,25
"187";21022;"count30";-1,75;-0,75;0,5;1;1
"188";21022;"intensity30";-0,342637283147994;3,17026251714368;7,07548386977551;10,4402047125118;Inf
"189";22001;"deficit30";-24,5685048122434;-12,1932734324193;5,66079067674087;43,3264763572384;50,9245651047183
"190";22001;"duration30";-8,8;-4;0;15;17,4
"191";22001;"count30";-1;-1;0;2;2
"192";22001;"intensity30";-3,27377095873021;-0,967981683722955;4,75830034901574;7,99724541436417;10,5509050192588
"193";22009;"deficit30";-24,4542754884131;-10,8164515888009;4,31307887631926;42,8030236599445;46,430549047072
"194";22009;"duration30";-9,8;-5;0;13;17
"195";22009;"count30";-1,8;-1;0;1;1,8
"196";22009;"intensity30";-1,56671358712228;1,65192799490076;4,52552913879649;8,2261804311709;8,6757654624857
"197";23001;"deficit30";-20,9520592697777;1,68473611000059;24,3043707612781;48,4838692422906;Inf
"198";23001;"duration30";-8,25;0,25;1,5;12,5;18,25
"199";23001;"count30";-1;-0,75;0;0,75;1
"200";23001;"intensity30";-5,21728833091575;2,35637689290801;6,58045775536166;11,6296315709985;Inf
"201";23004;"deficit30";-20,5429104884372;-0,430217104277947;24,7709202367416;50,262100371755;Inf
"202";23004;"duration30";-8,5;-1;0,5;12,5;17,5
"203";23004;"count30";-1;-0,75;0,5;1;1,75
"204";23004;"intensity30";-3,87330675530553;1,14966485411679;6,92779590221393;12,2558545994824;Inf
"205";23006;"deficit30";-17,5294033880641;0,196245313219871;27,6163876261103;59,9610362546455;Inf
"206";23006;"duration30";-6,75;0;0,5;13,75;20,25
"207";23006;"count30";-1;-1;-0,5;0,75;1,75
"208";23006;"intensity30";-2,75438167188281;1,12366504701933;7,59215043595676;10,2494220365782;Inf
"209";23011;"deficit30";-21,5242145058155;-3,5607267233963;26,5116209353977;49,1012088639973;Inf
"210";23011;"duration30";-8,5;-0,5;1,5;11,75;19,5
"211";23011;"count30";-0,75;0;0;0,75;1
"212";23011;"intensity30";-5,2490852188558;-2,20360807191519;5,0224065515298;9,47335233074658;Inf
"213";24009;"deficit30";-14,3746274629155;12,3925941405587;13,3571641650422;59,667137883252;67,536449300789
"214";24009;"duration30";-6;2;3;18;22,8
"215";24009;"count30";0;0;1;3;3
"216";24009;"intensity30";-0,393583641398901;3,36424611192554;7,29097499311715;9,72353423300265;10,2213759557583
"217";25001;"deficit30";-25,3276028083902;-6,4031448995004;23,0636300085942;41,4949974299623;Inf
"218";25001;"duration30";-12;-6,25;4,5;14,5;19,25
"219";25001;"count30";-1;-1;-0,5;0;0,75
"220";25001;"intensity30";-8,83722920179894;0,675815400437726;6,9925226371128;8,65147676744249;Inf
"221";25005;"deficit30";-36,0682002785603;10,712816748717;76,9934285639703;Inf;Inf
"222";25005;"duration30";-13,2;-2;4;10,75;30,7
"223";25005;"count30";-2,95;-0,25;0;2,5;4
"224";25005;"intensity30";-9,70411286833487;1,34588452753413;9,32900486615138;Inf;Inf
"225";27002;"deficit30";-27,1063532343232;-13,239632509061;14,3463397517082;37,3991254851765;41,2026017645693
"226";27002;"duration30";-10,6;-5;2;17;19,4
"227";27002;"count30";-1;-1;0;1;1
"228";27002;"intensity30";-11,2236367332182;-6,5350186446128;5,92443594672198;8,66756910989354;10,2734934172302
"229";27007;"deficit30";-20,4397454923658;3,92386415539652;28,8735673599614;47,9424382366344;Inf
"230";27007;"duration30";-10;0;4;16,25;21,5
"231";27007;"count30";-1,5;0;0;0;0,75
"232";27007;"intensity30";-4,02902354347277;3,86967279246971;7,65419965686216;8,39054093911759;Inf
"233";27009;"deficit30";-18,2481962007686;7,21489765246482;45,152977300333;Inf;Inf
"234";27009;"duration30";-5,9;-0,5;4;14;22,1
"235";27009;"count30";0;0;0;1;1
"236";27009;"intensity30";-8,23482660896541;2,35709545171227;8,37872970303885;Inf;Inf
"237";27021;"deficit30";-62,2608444595418;-10,5270103372983;97,8134898878271;298,787826322764;Inf
"238";27021;"duration30";-7;-1;5;15;20
"239";27021;"count30";-1;-0,5;0;1;2
"240";27021;"intensity30";-29,8442976312594;-3,56621999418741;26,6740677703951;49,1735626801117;Inf
"241";27034;"deficit30";-23,1241255425253;-0,917080806031852;24,9229339501922;47,3526407937283;Inf
"242";27034;"duration30";-10;-2,25;4;13,25;17,5
"243";27034;"count30";-1;-0,75;0,5;1;1
"244";27034;"intensity30";-3,30529166221174;2,39239629732393;5,38774287891134;8,8111275991359;Inf
"245";27035;"deficit30";-22,0665925664692;-0,874803187796712;27,2489236925977;44,0228808161398;Inf
"246";27035;"duration30";-10;-2,25;6;15,75;19,5
"247";27035;"count30";-1;-0,75;0;0;1,5
"248";27035;"intensity30";-3,48599767965983;1,55163329394985;6,08060579598189;7,73213051993711;Inf
"249";27041;"deficit30";-32,5046243002532;11,2242507736439;60,2543447593616;Inf;Inf
"250";27041;"duration30";-9,2;0;1;8;16,4
"251";27041;"count30";-1;0;0;0;2
"252";27041;"intensity30";-13,5934734373011;6,38340255344387;16,2474922122535;Inf;Inf
"253";27042;"deficit30";-35,413496226091;-30,7909350816795;3,27053224224464;58,4180983362599;78,7100048588833
"254";27042;"duration30";-10;-6;0;11;24,6
"255";27042;"count30";-2;-2;0;3;3
"256";27042;"intensity30";-8,48635376393272;-5,04827796917357;2,89016195774281;5,67521435648501;8,33021941209662
"257";27043;"deficit30";-21,6412323187721;-0,653611633697087;25,263449689824;43,1548772973249;Inf
"258";27043;"duration30";-11,25;-1,75;4;15,75;19,75
"259";27043;"count30";-1;-0,75;0;0;0,75
"260";27043;"intensity30";-2,98657605452607;1,36634383633816;6,07057445802726;6,73761607636818;Inf
"261";27055;"deficit30";-26,6008000762373;-12,7427170030951;-6,16554073627587;46,7533805376827;52,3269058168564
"262";27055;"duration30";-10,2;-3;-3;14;21,2
"263";27055;"count30";-1,8;-1;-1;2;2,8
"264";27055;"intensity30";-3,0601038234751;2,01531883336007;2,05637009368343;2,07027065873552;3,32995069637666
"265";27071;"deficit30";-51,6282846538193;-12,4687105804843;41,608523801259;759515,002049716;Inf
"266";27071;"duration30";-7,8;0;1;10;17,6
"267";27071;"count30";-1;0;0;0;1,6
"268";27071;"intensity30";-35,3752482717171;-3,61962772808499;3,76527848176911;12352,7049516347;Inf
"269";28008;"deficit30";-11,6982844187014;-1,25628557253283;19,7179405513101;48,4145085033247;Inf
"270";28008;"duration30";-6;-3;3,5;13;24,5
"271";28008;"count30";-1,5;0;0;0,75;1
"272";28008;"intensity30";1,61996496226478;3,42668014872355;5,07000779487784;5,62040941959272;Inf
"273";28009;"deficit30";-61,5566701392697;-18,7576196316345;29,87019274696;224,8060302668;Inf
"274";28009;"duration30";-9,5;-0,5;1;13;22,5
"275";28009;"count30";-1;0;0;1;1
"276";28009;"intensity30";-63,4093286410401;-2,60387818467506;18,2078299799107;26,869480423692;Inf
"277";28018;"deficit30";-10,5314090103333;-1,0320636484488;20,6267703128706;49,1394859313888;Inf
"278";28018;"duration30";-5,25;-3;3;15;26
"279";28018;"count30";-1,75;-0,75;0;0;0,75
"280";28018;"intensity30";1,12451940041346;5,01533919857135;5,32965966044528;6,06393604868586;Inf
"281";28022;"deficit30";-59,7318428480394;-13,4272782904326;23,1629385441999;209,689235009969;Inf
"282";28022;"duration30";-9;-0,5;1;13;22,5
"283";28022;"count30";-1;0;0;1;1,5
"284";28022;"intensity30";-53,6127311445792;-1,79172321159116;17,069634042369;27,6614641790288;Inf
"285";28031;"deficit30";-10,0562839103882;-2,71201350028439;44,8324628423009;Inf;Inf
"286";28031;"duration30";-3,95;-1,25;0;13,5;20,2
"287";28031;"count30";-0,65;0;0,5;1;1,65
"288";28031;"intensity30";-0,125792599989864;0,0967811842737394;4,78417960096241;Inf;Inf
"289";28046;"deficit30";-11,436261484064;-4,26360206864128;44,1984812909199;Inf;Inf
"290";28046;"duration30";-4,6;-1,25;0;13,25;19,85
"291";28046;"count30";-0,65;0;0;1;1
"292";28046;"intensity30";-0,992527121248669;1,05298905070033;5,06191509116416;Inf;Inf
"293";28050;"deficit30";-18,4701172406104;-2,23050071055445;32,7653877995936;Inf;Inf
"294";28050;"duration30";-9,5;-3;0;9,5;27,5
"295";28050;"count30";-1;-0,5;0;1;2
"296";28050;"intensity30";-2,69775790132383;1,90262764941288;2,60765858167517;Inf;Inf
"297";28066;"deficit30";-48,8886105779927;6,0041593743331;50,740854050632;164,380778566668;Inf
"298";28066;"duration30";-6,5;-2,5;3;15,5;24,5
"299";28066;"count30";-1,5;-0,5;1;1,5;2
"300";28066;"intensity30";-17,155694480034;7,57969328123662;21,2601801391907;29,4732015978307;Inf
"301";28082;"deficit30";-32,7087148674099;25,0788382331906;101,421192157864;2136,13362309996;Inf
"302";28082;"duration30";-13;0,5;4;12;26
"303";28082;"count30";-1,5;0;0;0;1,5
"304";28082;"intensity30";-8,89869887355173;1,41074098487843;47,2435447622667;516,084417367643;Inf
"305";29003;"deficit30";-84,8228201581062;-38,213115614824;-27,0329800198952;48,3749756804413;138,394075499689
"306";29003;"duration30";-6,75;-6;-3;9;33
"307";29003;"count30";-2,5;-1;-0,5;1,5;4,25
"308";29003;"intensity30";-80,0453078948319;-18,2094044057369;-7,97352772115445;6,58688349116435;15,3979254871554
"309";30001;"deficit30";-34,8497573059085;-18,5649525612643;-6,77311863061099;54,5452327559126;129,146032066885
"310";30001;"duration30";-14,8;-6;-4;21;50,6
"311";30001;"count30";-2,6;-1;0;1;3,4
"312";30001;"intensity30";-11,4840790123774;-10,8062780720555;2,81147407443079;8,49971672901064;18,8886955366866
"313";33002;"deficit30";-15,3514916208442;-3,18848877056097;3,42096592311863;64,3385093012205;96,0730485914673
"314";33002;"duration30";-8,8;-8;-3;21;33
"315";33002;"count30";-2;-2;-2;1;1
"316";33002;"intensity30";2,82472105127348;9,88052658235352;12,8976600825351;21,8516762651541;24,0908313019487
"317";33014;"deficit30";-40,5664134616556;-18,7190848925217;-11,7308587795829;44,6687872139595;175,359735864012
"318";33014;"duration30";-16,8;-12;-2;17;50,6
"319";33014;"count30";-3,6;-2;-1;3;5,4
"320";33014;"intensity30";-14,2322020878427;-7,44216375562272;0,834841368705147;8,66265165303838;30,4270387709693
"321";33019;"deficit30";-36,7058241704169;-11,4786555488362;-11,2512877752206;67,6425688067022;205,068943878607
"322";33019;"duration30";-18;-6;-4;26;56,4
"323";33019;"count30";-2,6;-1;-1;3;6,2
"324";33019;"intensity30";-2,82624253305873;-2,61913817257299;-0,685964891318327;15,3016762833427;27,6185104147002
"325";33026;"deficit30";-11,0243591145529;-7,01947227273965;3,40731025083674;49,8499786417773;94,3344219429857
"326";33026;"duration30";-6,6;-5;0;18;33,2
"327";33026;"count30";-1;-1;-1;1;1,8
"328";33026;"intensity30";0,774433588181476;4,47315196187202;4,62724382076334;11,666391050197;20,1735231771453
"329";33027;"deficit30";-41,5297025375945;-20,8338996140962;15,5167417331263;50,668318917872;221,28929502928
"330";33027;"duration30";-16,4;-10;5;20;59,2
"331";33027;"count30";-3,2;0;1;5;6,6
"332";33027;"intensity30";-7,5753065127308;-3,37802033645906;2,25076364329833;2,43009211600037;11,4120169450745
"333";33029;"deficit30";-50,5026820066794;-28,2963053627596;-24,9587158636648;69,6467097854335;240,604776746074
"334";33029;"duration30";-11,6;-6;-3;11;37,4
"335";33029;"count30";-2,4;0;0;3;5,4
"336";33029;"intensity30";-14,7929166603313;-13,3775413040415;-5,92079237042011;16,0408721208913;20,2613708752104
"337";33034;"deficit30";-35,7566215904481;-17,769073519566;-15,0873495457068;54,3854967536751;177,845406180996
"338";33034;"duration30";-16,4;-10;-5;21;54,6
"339";33034;"count30";-2,6;-1;0;4;5,6
"340";33034;"intensity30";-4,61914109663472;-2,60019506713431;-1,34593823790963;6,68376972424446;14,4222801054229
"341";33039;"deficit30";-14,4342726442426;-8,02604811919261;3,95898663138505;53,4986491599752;94,0910203525734
"342";33039;"duration30";-9,2;-6;-1;16;32
"343";33039;"count30";-2;-2;-1;1;1
"344";33039;"intensity30";1,08327786443611;6,54896830524656;8,83973366605699;18,2269175348187;22,251789156409
"345";33044;"deficit30";-37,0517884977189;-12,1276050936786;-11,1146376456279;69,8912928021238;213,204040376021
"346";33044;"duration30";-17,8;-5;-2;24;53,6
"347";33044;"count30";-3,2;0;0;4;6,4
"348";33044;"intensity30";-7,80126707879298;-1,92158142280985;0,108810683176059;15,676962099487;35,5402593121995
"349";34006;"deficit30";10,9050026315894;26,1437558656522;111,81209123073;166,686206487589;460,372090649706
"350";34006;"duration30";0,45;1,75;6;21,75;40,1
"351";34006;"count30";-0,55;0;0;2;2,55
"352";34006;"intensity30";-6,33374757250363;9,18826905630937;19,6192685284294;32,0005524275269;46,2225966140446
"353";34011;"deficit30";-42,1573974794456;-27,9787950997304;-14,7566642855512;62,4699860778522;230,040312256913
"354";34011;"duration30";-12,2;-5;-3;15;42,2
"355";34011;"count30";-2,4;0;0;4;6,4
"356";34011;"intensity30";-13,8529852663694;-9,2340396394169;-7,76786248249895;10,9277835979819;42,9740527773761
"357";34018;"deficit30";10,5917105548752;50,1092135819821;136,899430668743;1095,30808925016;Inf
"358";34018;"duration30";0,5;2,5;4;11;53,5
"359";34018;"count30";0;0;0;1;1,5
"360";34018;"intensity30";-8,12788188398816;6,04565690219666;24,8680934163757;121,619391135695;Inf
"361";36005;"deficit30";-49,5163630596221;-17,8079009168013;-15,8447669332926;57,1394941522872;235,9744370478
"362";36005;"duration30";-16,6;-7;-3;18;50,8
"363";36005;"count30";-4,4;-2;1;4;8
"364";36005;"intensity30";-14,0491230628792;-10,99590579104;-3,35347755690296;12,4500132161012;23,1267585915933
"365";36007;"deficit30";-100;-78,6563487301077;-28,4942804309688;18,5999972601076;191,628598265686
"366";36007;"duration30";-12,5;-4,5;0;5;37,4
"367";36007;"count30";-3,1;-0,5;0;2;5,8
"368";36007;"intensity30";-100;-55,1839442336594;-10,0400580747249;1,75234361191571;10,5264580395244
"369";37005;"deficit30";-44,3051684640433;-20,8807513066448;4,85615354778285;38,082347327889;203,916190602114
"370";37005;"duration30";-17;-9;3;16;49,6
"371";37005;"count30";-2,6;-1;1;5;6,6
"372";37005;"intensity30";-10,6346860127873;-6,81631382443548;-3,3003320350179;4,25435938694892;30,9495133559127
"373";37011;"deficit30";-44,7638318658447;-21,2756445678931;10,5119806161754;44,4219299810833;208,081362518632
"374";37011;"duration30";-13,4;-7;5;11;47,8
"375";37011;"count30";-2,6;-1;2;3;6,2
"376";37011;"intensity30";-9,02428100149971;-6,20816951163202;-2,51614675940982;8,72212706441104;9,26734078952671
"377";37019;"deficit30";-75,0766088806228;-13,5041050184267;-2,68600900184811;40,0548964668244;Inf
"378";37019;"duration30";-9,2;-5;0;8;24,6
"379";37019;"count30";0;0;0;1;1,7
"380";37019;"intensity30";-71,3856539561869;-3,58143034708891;-0,902997828891898;8,23152568968086;Inf
"381";38001;"deficit30";-44,335162297286;9,13797057348477;78,1730608544741;988,840791064633;Inf
"382";38001;"duration30";-5,25;-0,5;3;8,25;21,5
"383";38001;"count30";-1,45;-0,25;0;0,25;1,9
"384";38001;"intensity30";-41,3522812250973;5,1372454901177;17,7557846484129;35,9825463186354;Inf
"385";38003;"deficit30";-21,1910879409604;-18,9240937534408;-3,85516006428114;20,9007468107598;63,2500609000663
"386";38003;"duration30";-7,6;-6;-2;11;26,2
"387";38003;"count30";-1;-1;-1;1;1,8
"388";38003;"intensity30";-7,54984968671424;-5,70201738919814;-4,64005121590719;-0,488220144353253;3,85309525316304
"389";39001;"deficit30";-16,7635735366081;0,386786466047388;43,5549103558034;Inf;Inf
"390";39001;"duration30";-7;-3,5;0;9;24,7
"391";39001;"count30";-1;-0,5;0;0,5;1
"392";39001;"intensity30";-4,19911150616782;5,36822413712364;12,7260077390181;Inf;Inf
"393";39007;"deficit30";-56,5913174731404;2,72398048376538;66,1530589914021;244,038119155358;Inf
"394";39007;"duration30";-3,3;-1;4;17;22,3
"395";39007;"count30";-0,3;0;0;1;1
"396";39007;"intensity30";-43,6816721119926;6,94135169642596;15,4693566882365;48,6104884406686;Inf
"397";39008;"deficit30";-14,7327360564427;-6,95409129145588;34,5927360428067;Inf;Inf
"398";39008;"duration30";-6,7;-4;0;8;24,1
"399";39008;"count30";-0,7;0;0;0,5;1
"400";39008;"intensity30";-1,01345964742473;0,277446329699022;5,10258550198415;Inf;Inf
"401";39016;"deficit30";-10,3743377039339;-7,03970641321057;-2,854149045097;26,0865449404208;62,8453319772155
"402";39016;"duration30";-8,4;-6;-2;13;29
"403";39016;"count30";-1;-1;0;0;0,8
"404";39016;"intensity30";-0,0965061672957874;0,662925098086536;1,28578252256822;6,69241102199208;14,6479229719143
"405";39020;"deficit30";-11,140693743333;5,74456347615739;Inf;Inf;Inf
"406";39020;"duration30";-5;0;3;9,5;28
"407";39020;"count30";-0,5;0;0;0,5;1,5
"408";39020;"intensity30";-6,66462611697527;2,03231908990562;Inf;Inf;Inf
"409";39034;"deficit30";-15,7793229415942;-3,58004757617131;0,107241682657245;18,3194535050734;56,8447738142495
"410";39034;"duration30";-9,2;-2;0;13;31,4
"411";39034;"count30";-1,6;0;0;1;1,8
"412";39034;"intensity30";-5,93719660333941;-2,23926226435266;-0,180966921188951;4,78912798584274;4,8585550073753
"413";39069;"deficit30";-12,9935016875743;-8,9461676026703;15,7346823213027;23,8844397954328;63,2188532870526
"414";39069;"duration30";-5,4;-3;4;12;26,4
"415";39069;"count30";-0,8;0;0;1;1,8
"416";39069;"intensity30";-4,25697815510623;-3,79086263143666;0,928823845589987;7,84535000856319;7,97673974214876
"417";39081;"deficit30";-17,8408494589516;-16,3342267232414;0,101317213700674;30,5149737451716;62,9377171080134
"418";39081;"duration30";-8,8;-8;-3;16;27,2
"419";39081;"count30";-1,8;-1;-1;0;1,6
"420";39081;"intensity30";-3,68958944363741;-1,22616488717595;2,9794259779717;4,19296575841729;11,4193248541062
"421";39090;"deficit30";-44,0257262126298;-9,23158551282909;25,0679203070512;72,9195179096291;385,259303887508
"422";39090;"duration30";-7,55;0;2,5;9,5;22,05
"423";39090;"count30";0;0;0;1;1
"424";39090;"intensity30";-37,6891999336306;-4,52767270921137;0,426153035798055;14,2875051960256;87,2070332574654
"425";39103;"deficit30";74,9689276702801;128,372082791731;Inf;Inf;Inf
"426";39103;"duration30";0;1;9;19,25;39,85
"427";39103;"count30";0;0;1,5;4;6
"428";39103;"intensity30";-11,0573490461923;11,8631736421935;Inf;Inf;Inf
"429";39105;"deficit30";73,5265517035961;91,5573055855289;635,777894014934;Inf;Inf
"430";39105;"duration30";0;2,25;10;20,25;41,3
"431";39105;"count30";0;0;1;3;4,55
"432";39105;"intensity30";-2,2694320700801;1,9168936491239;179,459905842694;Inf;Inf
"433";40003;"deficit30";-7,45670914545277;-0,458218516269648;0,287129395939969;19,5657972742063;67,2471492369725
"434";40003;"duration30";-6,8;-2;-2;11;27
"435";40003;"count30";-0,8;0;0;0;0
"436";40003;"intensity30";1,83773303296588;1,9429469870268;3,26075939547074;3,27525559114971;16,5935343591065
"437";40011;"deficit30";-37,0356415572265;5,71870956330458;89,9654725499892;135,238815154102;Inf
"438";40011;"duration30";-3,9;-2;3;20,25;23,8
"439";40011;"count30";-0,45;0;0;1;2
"440";40011;"intensity30";-16,1257761303172;4,06525071640943;24,227582258757;35,7923432858183;Inf
"441";40017;"deficit30";13,1472753207389;24,9940343302335;72,6380238692308;Inf;Inf
"442";40017;"duration30";1,4;3;8;17;26
"443";40017;"count30";0;0;0;2;2
"444";40017;"intensity30";-1,59819396716176;0,596694025246745;8,46509607765226;Inf;Inf
"445";40023;"deficit30";7,53990361854941;31,7550248645459;69,2602970492007;Inf;Inf
"446";40023;"duration30";0,35;1,75;4,5;12,25;27,7
"447";40023;"count30";0;0;0;1,25;2
"448";40023;"intensity30";-3,70200770487173;0,355710049380001;10,5451541777786;Inf;Inf
"449";41005;"deficit30";-11,2367990461927;12,3434204678646;79,8306653419125;211,886356111201;500,087182700383
"450";41005;"duration30";-4,2;1,75;7,5;21;35,6
"451";41005;"count30";0;0;0;1;1
"452";41005;"intensity30";-9,37040893775508;-2,69164590916413;6,86999980333694;38,3292668294043;65,4063286746256
"453";41011;"deficit30";-17,4817046558655;-8,87714225950866;10,7667298206409;21,2291643245055;59,6384658327354
"454";41011;"duration30";-7,8;-3;2;13;29
"455";41011;"count30";-0,8;0;0;1;1,8
"456";41011;"intensity30";-4,83410432743035;-3,54712133430556;-0,0919870438007611;5,64456890407949;10,9884055277227
"457";41022;"deficit30";-21,5148765672652;10,5274043844617;93,4802995834331;213,331635781735;Inf
"458";41022;"duration30";-4,5;3,5;10;17,5;47,5
"459";41022;"count30";-1,5;0;0;1;1
"460";41022;"intensity30";-9,25565176442375;-5,2534274594365;32,1707835037821;68,8631683418504;Inf
"461";42001;"deficit30";-22,3652975537986;5,63578385475156;42,2280946826379;160,661623644241;Inf
"462";42001;"duration30";-4;-0,5;7;12,5;19,5
"463";42001;"count30";-1;-1;0;1;1,5
"464";42001;"intensity30";-9,47832008946705;-1,5926570148579;5,68191441348927;22,0244724344945;Inf
"465";42003;"deficit30";-63,4129871839597;22,4809754999043;52,7639889897813;91,722916632495;Inf
"466";42003;"duration30";0;2,25;9;20;38,25
"467";42003;"count30";0;0;0;1;1
"468";42003;"intensity30";-64,5920983780261;0,97432185417914;8,74183508994804;13,2030911963819;Inf
"469";42004;"deficit30";-11,9706168061097;-6,92934395262915;11,972384305424;19,5701137296404;70,2378929335582
"470";42004;"duration30";-6,2;-3;4;13;29,8
"471";42004;"count30";-1,6;0;1;1;1,8
"472";42004;"intensity30";-2,25218311002047;-1,64651813143714;-1,53972955417551;4,55527110913214;18,4284949337651
"473";42010;"deficit30";-10,6627912317115;13,2466135348573;1628,11524263429;Inf;Inf
"474";42010;"duration30";-3,1;2,25;6,5;9,75;23,1
"475";42010;"count30";-0,55;0;0;0;1
"476";42010;"intensity30";-3,94723156008569;-0,450533433280325;303,537482654412;Inf;Inf
"477";42012;"deficit30";-10,9170238059661;10,6344157326185;1392,74553950797;28123,9776884907;Inf
"478";42012;"duration30";-5,1;3;6,5;11,25;23,9
"479";42012;"count30";0;0;0;0,75;1,55
"480";42012;"intensity30";-4,07579328219413;-0,547302625308131;246,354491269976;3938,90524940774;Inf
"481";43003;"deficit30";-10,2333728832142;-3,36307906077625;27,0900753757773;Inf;Inf
"482";43003;"duration30";-5,4;-3,5;0;8,5;24,1
"483";43003;"count30";-0,7;0;0;0,5;1
"484";43003;"intensity30";-2,09044231181201;2,2038328552819;4,42848033844164;Inf;Inf
"485";43005;"deficit30";-10,1893848178546;3,49686753105487;40,8743808611738;Inf;Inf
"486";43005;"duration30";-6,25;-0,75;1;4,25;24
"487";43005;"count30";-1;-0,25;0;0,25;1,65
"488";43005;"intensity30";-0,299863880195255;0,944069236372583;7,78807824947745;Inf;Inf
"489";43007;"deficit30";-13,4834718655985;-6,74569176432875;1,17731035474946;28,9480255500302;54,5731295146229
"490";43007;"duration30";-8,2;-5;-1;15;25,4
"491";43007;"count30";-0,8;0;0;0;1,6
"492";43007;"intensity30";-1,96113184668848;2,96950103736177;3,01204379940374;4,24889000070097;8,48871719089532
"493";43021;"deficit30";-9,9670554288345;-3,00036518958523;26,8504651277279;Inf;Inf
"494";43021;"duration30";-5,4;-3,5;0;6,5;22,8
"495";43021;"count30";-1;-0,5;0;0,5;1
"496";43021;"intensity30";-1,76766124277671;3,15454769445925;4,11252067942293;Inf;Inf
"497";45001;"deficit30";-1,50771514821703;10,6226263956892;47,3427412267044;Inf;Inf
"498";45001;"duration30";-3,4;0;1;9;22
"499";45001;"count30";-1;0;0;0;0,6
"500";45001;"intensity30";3,00563355725756;7,31732722287657;11,2413980784494;Inf;Inf
"501";45004;"deficit30";-66,3804443912126;-15,8614324601728;45,8590694590823;1062,67235093214;Inf
"502";45004;"duration30";-8,65;-0,75;3,5;16;23,3
"503";45004;"count30";-1,1;0;0;0;1
"504";45004;"intensity30";-61,7605054586547;-6,7536616316471;10,2325761345088;459,482874219254;Inf
"505";45005;"deficit30";-11,1729098479755;10,3751225154873;53,2664224914704;Inf;Inf
"506";45005;"duration30";-7,2;1;5;16;24,2
"507";45005;"count30";-0,6;0;0;0;1
"508";45005;"intensity30";-3,25594228508876;4,44341753953816;11,9413919596862;Inf;Inf
"509";45009;"deficit30";-2,01511529511751;20,9246763054951;555,220127892885;Inf;Inf
"510";45009;"duration30";-4;0;1;4;21
"511";45009;"count30";-0,5;0;0;0;0
"512";45009;"intensity30";2,80869906538784;8,24999860631379;121,766812517592;Inf;Inf
"513";45011;"deficit30";-38,2565350211162;15,2321492695045;92,8915908207269;Inf;Inf
"514";45011;"duration30";0;0;2;5;22,4
"515";45011;"count30";-0,4;0;0;0;1
"516";45011;"intensity30";-45,1971555051393;3,21932089705747;10,4586550992682;Inf;Inf
"517";46003;"deficit30";-33,1297630620959;21,3181068054075;3924,31222351258;Inf;Inf
"518";46003;"duration30";-0,899999999999999;0,5;2;5;18,4
"519";46003;"count30";0;0;0;0;1,3
"520";46003;"intensity30";-37,8509428351581;2,93562616211541;230,765388233911;Inf;Inf
"521";46006;"deficit30";-31,5862487577729;28,6006866514552;366,569372667053;Inf;Inf
"522";46006;"duration30";-0,899999999999999;1,5;4;6;21,8
"523";46006;"count30";-1;0;0;0;1
"524";46006;"intensity30";-42,7080419047799;4,60969000469804;51,5151102214991;Inf;Inf
"525";47001;"deficit30";-61,7842208316426;-0,323942001406817;75,786169030903;1581,87851784565;Inf
"526";47001;"duration30";-3,9;0;5;13;19
"527";47001;"count30";-0,3;0;0;0;0,299999999999999
"528";47001;"intensity30";-29,5330665776374;0,995915087954496;28,0053646969998;232,275454830017;Inf
"529";47014;"deficit30";-34,1317235735346;20,3753289114741;523,107531396977;Inf;Inf
"530";47014;"duration30";-0,35;0,25;2;3,75;22,8
"531";47014;"count30";0;0;0;0;0,35
"532";47014;"intensity30";-33,4398220837758;5,84994760168613;46,5914376068637;Inf;Inf
"533";48003;"deficit30";-35,6055851364333;29,7323262856199;206,259833863665;5724,31617215416;Inf
"534";48003;"duration30";0;1;3;8;27
"535";48003;"count30";0;0;0;1;2
"536";48003;"intensity30";-45,5868450514071;1,46825961338631;8,68981347337759;303,981109980195;Inf
"537";48004;"deficit30";-14,2132345352283;18,6659024489548;Inf;Inf;Inf
"538";48004;"duration30";-2,45;0;2,5;7,75;18,25
"539";48004;"count30";-0,45;0;0;0;1
"540";48004;"intensity30";-28,2939828251518;2,28587528319376;Inf;Inf;Inf
"541";48005;"deficit30";-5,02052068931698;30,1285739842726;Inf;Inf;Inf
"542";48005;"duration30";-2,8;0;3;5;19,4
"543";48005;"count30";-0,4;0;0;0;1
"544";48005;"intensity30";-0,442526342394512;6,25551517278171;Inf;Inf;Inf
"545";49001;"deficit30";-32,9986223317135;20,9503941121024;4123,33848033361;Inf;Inf
"546";49001;"duration30";-0,899999999999999;0,5;2;4,5;19,8
"547";49001;"count30";0;0;0;0;1
"548";49001;"intensity30";-37,2806413089771;3,1277896460928;251,944873361134;Inf;Inf
"549";50001;"deficit30";0,443427305966189;20,4099973668652;Inf;Inf;Inf
"550";50001;"duration30";-1,1;0;1;6;20,95
"551";50001;"count30";0;0;0;0;0,549999999999999
"552";50001;"intensity30";1,79497230437362;4,1155155158871;Inf;Inf;Inf
"553";50002;"deficit30";-42,8415198960289;31,7728751171305;207,805627104225;Inf;Inf
"554";50002;"duration30";-2,2;0;3;6;20,2
"555";50002;"count30";-0,3;0;0;0;1
"556";50002;"intensity30";-40,3071771519098;6,10991944894588;367,891164428479;Inf;Inf
"557";50006;"deficit30";-1,39684677662277;21,9369041410036;Inf;Inf;Inf
"558";50006;"duration30";-1,65;0,25;2,5;8,25;19,75
"559";50006;"count30";0;0;0;0;1
"560";50006;"intensity30";-0,0767899598730595;5,67815600334888;Inf;Inf;Inf
"561";50007;"deficit30";-1,41114548109751;19,4159563598754;Inf;Inf;Inf
"562";50007;"duration30";-2,65;0,25;2;10,75;19,75
"563";50007;"count30";-1;-0,75;0;0;1
"564";50007;"intensity30";1,5273707596703;6,88309229030719;Inf;Inf;Inf
"565";51001;"deficit30";-5,09769467134403;8,36655690334393;45,1655632809183;Inf;Inf
"566";51001;"duration30";-4,6;0;5;15;20,2
"567";51001;"count30";-1;0;0;0;1
"568";51001;"intensity30";1,81697395150825;5,81530602087337;9,24514543699703;Inf;Inf
"569";52005;"deficit30";-4,05084286311984;9,23983124006576;43,4611730345767;Inf;Inf
"570";52005;"duration30";-4,4;0;4;14;21
"571";52005;"count30";-1;0;0;0;0,6
"572";52005;"intensity30";1,67146785233939;7,09039253014116;8,13822148858788;Inf;Inf
"573";52010;"deficit30";-12,9490178374932;26,6414867376225;Inf;Inf;Inf
"574";52010;"duration30";-7,05;0,25;2;8,75;34,25
"575";52010;"count30";-1,1;0;0;0,75;1,55
"576";52010;"intensity30";-1,54536786532017;4,45259835782137;Inf;Inf;Inf
"577";53005;"deficit30";-7,2390121518061;10,7394644677123;Inf;Inf;Inf
"578";53005;"duration30";-4,65;0,25;2;8,75;24,45
"579";53005;"count30";-1,1;0;0;0,75;1,55
"580";53005;"intensity30";-0,70245836583418;1,53006155643893;Inf;Inf;Inf
"581";53017;"deficit30";-68,2224251234899;-4,47431243890114;48,7157381650956;1240,0634985444;Inf
"582";53017;"duration30";-11;0;5;17;26,5
"583";53017;"count30";-0,5;0;0;0;1
"584";53017;"intensity30";-56,1348956687317;-1,36776055970334;6,14629143625238;151,435458767774;Inf
"585";53018;"deficit30";-27,0606207613511;33,3214962419415;106,958382438474;258,768065503867;3704,43929320174
"586";53018;"duration30";-9,3;1,75;7,5;21;32,2
"587";53018;"count30";-1,55;0;0,5;1;1
"588";53018;"intensity30";-10,0542748446297;2,77670743141705;16,3544746658351;19,9081243934796;120,925022675094
"589";54001;"deficit30";-14,7534265729777;13,1783751330423;49,434047596588;Inf;Inf
"590";54001;"duration30";-3,9;1,5;3;11,75;23,65
"591";54001;"count30";-0,65;0;0;0,25;1
"592";54001;"intensity30";-9,46600346465767;4,88777160963234;12,2704182260484;Inf;Inf
"593";54002;"deficit30";-24,5245853475854;1,95647462456502;66,9375706011391;Inf;Inf
"594";54002;"duration30";-10,1;-4;0;11,5;27,6
"595";54002;"count30";-0,7;0;0;0,5;1
"596";54002;"intensity30";-4,43115863113588;8,52784831922471;16,5027799453974;Inf;Inf
"597";54005;"deficit30";-13,8809348395385;14,8032064307107;47,2409149229691;Inf;Inf
"598";54005;"duration30";-3,9;2,25;3,5;11,25;22,3
"599";54005;"count30";-1,65;-0,25;0;0;0
"600";54005;"intensity30";-9,78587661933223;7,84588303451766;14,4073528370737;Inf;Inf
"601";54008;"deficit30";-4,40314206925112;6,0633657533346;43,0170240370473;Inf;Inf
"602";54008;"duration30";-3,2;1;2;11,5;21,2
"603";54008;"count30";-0,7;0;0;0,5;1
"604";54008;"intensity30";1,83851715717299;4,10775816518148;5,6391152311756;Inf;Inf
"605";54029;"deficit30";-17,4726672182969;24,9553021295544;Inf;Inf;Inf
"606";54029;"duration30";-4,2;0;2;7,25;19,65
"607";54029;"count30";-0,55;0;0;0;0,549999999999999
"608";54029;"intensity30";-9,28388690419945;4,01718265946036;Inf;Inf;Inf
"609";54032;"deficit30";-16,0502642036757;11,7348943380899;48,7714701454556;Inf;Inf
"610";54032;"duration30";-3,25;0,75;2,5;11,5;23,3
"611";54032;"count30";-0,65;0;0;0,25;1
"612";54032;"intensity30";-11,0529035067652;5,79039584925067;11,9454944501505;Inf;Inf
"613";54036;"deficit30";-14,5959720835027;-4,81271488394111;66,3642023192118;Inf;Inf
"614";54036;"duration30";-7,6;-2;0;3;25,8
"615";54036;"count30";-1,2;0;0;1;1,6
"616";54036;"intensity30";-5,63323313280907;-0,901732878540483;6,05353703011046;Inf;Inf
"617";54057;"deficit30";-16,3746433916427;16,296689818121;51,7801848296647;Inf;Inf
"618";54057;"duration30";-4;0;2;8;22,6
"619";54057;"count30";0;0;0;0;1
"620";54057;"intensity30";-9,27020267005228;9,63249748022864;15,129019808166;Inf;Inf
"621";55002;"deficit30";-13,2255509766785;12,6555340418879;50,5624791475942;Inf;Inf
"622";55002;"duration30";-3,55;2,5;4;11,5;22,65
"623";55002;"count30";-1,3;0;0;1;1
"624";55002;"intensity30";-8,03689113236853;4,25940087374989;9,22154335132181;Inf;Inf
"625";55003;"deficit30";29,7956839161173;40,3727086607797;79,7297061417503;Inf;Inf
"626";55003;"duration30";0,7;7,25;11,5;22,5;38,85
"627";55003;"count30";0;0;1,5;2;2,65
"628";55003;"intensity30";3,29202103971944;3,76928539203035;6,10675930660206;Inf;Inf
"629";55004;"deficit30";106,346294016017;519,078582406524;Inf;Inf;Inf
"630";55004;"duration30";0;2;12;37,5;71,7
"631";55004;"count30";0;0;0;6;7,3
"632";55004;"intensity30";-32,4898326832376;8,23282802432673;Inf;Inf;Inf
"633";55007;"deficit30";-12,2665690055058;15,4786395374282;47,8125956912559;Inf;Inf
"634";55007;"duration30";-3,6;1;4;9;22
"635";55007;"count30";-1,2;0;0;0;0,6
"636";55007;"intensity30";-9,18589387002205;10,1406438731402;11,2066202833124;Inf;Inf
"637";55023;"deficit30";-58,8490278332936;7,13147205342705;50,6304306526013;Inf;Inf
"638";55023;"duration30";-2,5;0,5;3;7;22
"639";55023;"count30";-0,5;0;0;0;0,5
"640";55023;"intensity30";-55,4426723268372;1,71647853269619;11,9318809890061;Inf;Inf
"641";55029;"deficit30";1,32498174462839;2,31846393706529;39,344339458856;Inf;Inf
"642";55029;"duration30";-1;0;1;12;18,6
"643";55029;"count30";-0,6;0;0;0;0,6
"644";55029;"intensity30";2,51255700766428;5,31092936061004;6,79867418888475;Inf;Inf
"645";56001;"deficit30";-57,0677929000991;16,4623013508987;843,660727768274;Inf;Inf
"646";56001;"duration30";-3,8;0;4;6;20,8
"647";56001;"count30";-0,4;0;0;0;0
"648";56001;"intensity30";-46,3127995082816;5,22820949684511;294,158043539574;Inf;Inf
"649";56019;"deficit30";8,64756416395872;57,0942301397805;100,36149194593;211,538496942956;Inf
"650";56019;"duration30";0;1,5;8;18,5;27,8
"651";56019;"count30";0;0;1;1,25;2,45
"652";56019;"intensity30";-15,6993848492919;-3,25171121835919;5,45483552941566;12,2155162273922;Inf
"653";57004;"deficit30";5,96720312025732;8,19810166504232;42,7903975733386;Inf;Inf
"654";57004;"duration30";0;0,75;1;7;22,25
"655";57004;"count30";-0,65;0;0;0;0,649999999999999
"656";57004;"intensity30";0,17029869189142;4,49830240241991;5,94189517109468;Inf;Inf
"657";58005;"deficit30";-54,1898587552474;11,96950201412;204,000888744368;672,60310946746;Inf
"658";58005;"duration30";-5,75;0;3,5;11,5;23,5
"659";58005;"count30";-0,25;0;0;0,25;1
"660";58005;"intensity30";-36,4213347348942;4,12818267162269;35,6060316642394;101,39067051847;Inf
"661";58012;"deficit30";23,5129075169883;25,0334254060541;65,7782136743015;Inf;Inf
"662";58012;"duration30";0;2,25;9;15,75;31,55
"663";58012;"count30";0;0;0;1,25;2
"664";58012;"intensity30";-0,0746260161070997;3,91375260895495;5,02777831304532;Inf;Inf
"665";59001;"deficit30";4,91559552719071;8,47666452134273;8,54369742554727;43,4839079412586;48,8599173592102
"666";59001;"duration30";0,6;3;3;22;26
"667";59001;"count30";0;0;1;1;1
"668";59001;"intensity30";2,62616123552837;3,18902799371451;3,75271948113126;5,90225994780259;6,0864026744642
"669";60004;"deficit30";-38,078831047884;34,6795490479139;83,1614523953882;Inf;Inf
"670";60004;"duration30";0,5;2;4;12,5;33,5
"671";60004;"count30";0;0;0;1,5;3
"672";60004;"intensity30";-49,8250853858702;3,91250513254906;7,30401671773086;Inf;Inf
"673";60009;"deficit30";4,14041883029642;9,17209906140407;46,2663105295488;Inf;Inf
"674";60009;"duration30";-0,8;1;4;10;25,4
"675";60009;"count30";-0,6;0;0;0;1
"676";60009;"intensity30";3,95348701235786;4,52755832202557;5,93169419835206;Inf;Inf
"677";60010;"deficit30";-10,0016327958738;33,4727131403019;5268,93224630932;Inf;Inf
"678";60010;"duration30";-3,3;1,25;3,5;6,5;24,55
"679";60010;"count30";-0,55;0;0;0;1
"680";60010;"intensity30";-7,78581248855124;12,8093890532894;527,116599857977;Inf;Inf
"681";61001;"deficit30";-1,21660905250226;6,9031653849487;39,1925252279686;Inf;Inf
"682";61001;"duration30";-0,4;1,5;4;12,5;23,8
"683";61001;"count30";-1,7;-0,5;0;1;1,7
"684";61001;"intensity30";-0,997326617952577;-0,176142110507578;6,52816095607946;Inf;Inf
"685";62001;"deficit30";-50,2357104966594;41,3851271339799;172,862950613227;Inf;Inf
"686";62001;"duration30";-3,4;1,5;4,5;14;22,05
"687";62001;"count30";0;0;0;0;1,35
"688";62001;"intensity30";-27,064676235984;10,9739630509464;19,5642873170253;Inf;Inf
"689";62002;"deficit30";20,1983539488874;258,914122510606;434,189489986737;Inf;Inf
"690";62002;"duration30";0,55;2,5;10,5;40;65,25
"691";62002;"count30";0;0;0;5;6
"692";62002;"intensity30";-48,2366067344935;-4,06472182991825;13,378281692395;Inf;Inf
"693";63001;"deficit30";-79,7164856701112;11,4219455935938;95,2562797364452;1640,0883116958;Inf
"694";63001;"duration30";-4,1;-0,5;6;13;21,9
"695";63001;"count30";-0,3;0;0;0;1
"696";63001;"intensity30";-67,4396217335995;0,616715630719959;21,4300417369215;337,511154570632;Inf
"697";63004;"deficit30";-98,0072350744902;69,9430171134301;192,014510130624;23950,552588052;Inf
"698";63004;"duration30";-1,35;1,5;9;17,75;40,1
"699";63004;"count30";0;0;0;1,75;3,35
"700";63004;"intensity30";-86,8477514916352;-0,667238893839176;5,97374119156352;979,783084191348;Inf
"701";64001;"deficit30";-0,578144572023791;53,3273399687806;2753,09057684623;Inf;Inf
"702";64001;"duration30";-1,6;0;3;8;24,6
"703";64001;"count30";-0,4;0;0;0;1,4
"704";64001;"intensity30";-2,94098554521296;5,06693132286935;337,255260819346;Inf;Inf
"705";64002;"deficit30";-33,8902058305233;27,6171706754597;101,89562757692;300,368768128657;951,055100546728
"706";64002;"duration30";-3,15;3,5;10;15,25;24,1
"707";64002;"count30";-1,05;0;0;1;1,1
"708";64002;"intensity30";-53,0790310303109;-12,5680960040796;3,89386304518001;32,7440273902853;83,5897807755666
"709";65001;"deficit30";-7,07839330927967;26,8698740262048;Inf;Inf;Inf
"710";65001;"duration30";-2,75;0;3,5;5,5;22,2
"711";65001;"count30";-0,55;0;0;0;0,549999999999999
"712";65001;"intensity30";-3,30429445366106;4,95672861025633;Inf;Inf;Inf
"713";65006;"deficit30";-7,61826782163829;16,958458606374;51,1172973268148;Inf;Inf
"714";65006;"duration30";-2,5;2,5;6;14;24,5
"715";65006;"count30";-0,7;0;0;1;1,7
"716";65006;"intensity30";-2,76260595532075;-0,688419119094743;9,70122516381189;Inf;Inf
"717";66011;"deficit30";-7,68777367725516;18,8029228185782;55,9253416355126;Inf;Inf
"718";66011;"duration30";-3,25;1,5;4;10,5;24,25
"719";66011;"count30";0;0;0;0,25;1,65
"720";66011;"intensity30";-3,42854585560714;1,77535400397366;6,93561159065846;Inf;Inf
"721";67015;"deficit30";-7,09556945967681;6,37896995885797;25,4458709739962;44,6802769981121;Inf
"722";67015;"duration30";-4,25;1,5;3,5;17,5;25
"723";67015;"count30";-0,75;0;0;0;0,75
"724";67015;"intensity30";-1,93140166417667;3,63833350129569;9,67543655471356;11,3650504762748;Inf
"725";67018;"deficit30";-2,06017490966179;14,7549189301472;55,3706487188336;Inf;Inf
"726";67018;"duration30";-1,2;0;5;10;24,6
"727";67018;"count30";-1;0;0;1;1
"728";67018;"intensity30";-2,3569692127609;5,41356673170064;5,94819750314246;Inf;Inf
"729";68001;"deficit30";-12,184222469366;0,82790904835706;1,28615481726824;33,8078993540874;41,7900724008043
"730";68001;"duration30";-11,2;-4;-3;19;27,8
"731";68001;"count30";-0,8;0;0;0;0,8
"732";68001;"intensity30";0,423572147754091;3,41418740430611;5,98041919502055;7,53552913561395;8,76027127869591
"733";68003;"deficit30";-14,644518256671;0,859042732113252;22,7771296859658;42,0523328185073;Inf
"734";68003;"duration30";-9,25;-3;1;14,75;24,25
"735";68003;"count30";-1;-0,75;0;0,75;1
"736";68003;"intensity30";1,01835262535642;2,30273115392235;4,3846589923242;7,11368309475876;Inf
"737";68005;"deficit30";-11,8328958503797;1,97395916289609;21,3693742682548;46,8834374322367;Inf
"738";68005;"duration30";-8,75;-1,75;0;14,5;25,75
"739";68005;"count30";-1,75;-0,75;0;0,75;1
"740";68005;"intensity30";1,67690080585319;3,14150658019831;6,13144397080222;8,7503523000795;Inf
"741";71006;"deficit30";-23,0832301974097;0,904574597869382;29,0119681912082;44,758846621324;Inf
"742";71006;"duration30";-9,5;-0,25;7;15,75;18,75
"743";71006;"count30";0;0;0;0,75;1
"744";71006;"intensity30";-5,16630432152078;0,753596489919796;4,90486066646339;7,82483059952519;Inf
"745";71009;"deficit30";-13,5232429773085;61,1734534317064;100,669663922627;607,561901999836;Inf
"746";71009;"duration30";-3,75;0;2;14,25;24,1
"747";71009;"count30";-0,55;0;0;0,75;1,55
"748";71009;"intensity30";-5,32558757288168;10,9582251980777;24,9390897333179;262,503923176938;Inf
"749";72004;"deficit30";-21,2875882141846;3,92959286540547;40,817703478668;65,7467831361568;Inf
"750";72004;"duration30";-5,5;1,25;8,5;18;22,5
"751";72004;"count30";0;0;0;0,75;2,5
"752";72004;"intensity30";-9,26555083689389;-0,154038030800966;6,30668027059494;7,51852233672529;Inf
"753";72009;"deficit30";-20,9722071928837;1,68468284396748;30,9588900595111;49,1175378779554;Inf
"754";72009;"duration30";-7,75;-0,5;5,5;15,25;20
"755";72009;"count30";-1;-0,75;0,5;1;1
"756";72009;"intensity30";-3,72645659540081;2,16177234114914;8,38483154598789;9,05933521656847;Inf
"757";72014;"deficit30";-12,5522890469579;17,342218510279;51,7201211162817;Inf;Inf
"758";72014;"duration30";-4,55;0;3,5;11,75;22,6
"759";72014;"count30";0;0;0;0,5;2
"760";72014;"intensity30";-3,2369370554311;3,42287818714165;5,39354183822468;Inf;Inf
"761";73005;"deficit30";-21,8572295885368;1,63262647261068;30,0652742072264;48,0520460089374;Inf
"762";73005;"duration30";-8,75;-0,5;6,5;15;20
"763";73005;"count30";-0,75;0;0;0,75;1
"764";73005;"intensity30";-6,07862644499936;1,57086671700434;5,1815728357666;9,13341097334369;Inf
"765";73011;"deficit30";-16,1457402541065;8,43115900036625;35,311943429821;56,1899872529323;Inf
"766";73011;"duration30";-5;1,75;6;16,25;21,25
"767";73011;"count30";-1;-0,75;0;1,5;2
"768";73011;"intensity30";-4,20838119731926;1,77338901581167;3,67800305919044;7,7823746249678;Inf
"769";73013;"deficit30";-6,56856732063838;26,9915556727532;70,3764873229209;Inf;Inf
"770";73013;"duration30";-1,9;2;7,5;12;24,25
"771";73013;"count30";0;0;0,5;1,25;2
"772";73013;"intensity30";-4,6992035378735;2,04690937692278;6,97679669261702;Inf;Inf
"773";74001;"deficit30";-59,6549371206552;-10,9148665044596;48,5896949478086;441,374082420171;Inf
"774";74001;"duration30";-7;-0,5;6;12,5;18,5
"775";74001;"count30";-0,5;0;0;0;1,5
"776";74001;"intensity30";-39,9015482318369;-3,5626756360488;4,18673619877152;28,2425011464768;Inf
"777";74005;"deficit30";-47,8394645686804;27,2308222320588;135,736667996142;6294,78912650421;Inf
"778";74005;"duration30";-6,6;0;1;8;18,3
"779";74005;"count30";-1,3;0;0;0;1
"780";74005;"intensity30";-37,3659602320742;7,63060138038662;109,11924103804;450,850356950017;Inf
"781";74007;"deficit30";-71,592284227287;-12,5808898911225;52,215255790603;769,721331851775;Inf
"782";74007;"duration30";-5,5;-0,5;3;9,5;19
"783";74007;"count30";-0,5;0;0;0;1,5
"784";74007;"intensity30";-56,379155870119;-3,21503415643161;6,87454129978506;56,5248521841726;Inf
"785";75017;"deficit30";-17,6940608199917;9,5128491159963;30,4092078091774;52,1126850158252;Inf
"786";75017;"duration30";-8;1,75;5,5;14,5;19,25
"787";75017;"count30";0;0;0;0,75;1
"788";75017;"intensity30";-3,76317109594459;2,81001853115392;7,85734401775599;12,8003412516809;Inf
"789";76005;"deficit30";-22,2419917375711;-1,84936658256935;23,6458694050135;49,2737800933588;Inf
"790";76005;"duration30";-10,75;-2,5;2,5;12,75;16,75
"791";76005;"count30";-1;-1;-0,5;0,75;1,75
"792";76005;"intensity30";-3,64196179145154;1,16000721521335;6,81208135627909;10,9825195118746;Inf
"793";76007;"deficit30";-23,348427083023;-0,613228936879826;27,7433966586194;49,9604220694408;Inf
"794";76007;"duration30";-9,75;-3,75;4;14,75;18,75
"795";76007;"count30";-1;-0,75;0;0,75;1,75
"796";76007;"intensity30";-7,94241557609162;4,21609207624093;7,93228971881038;10,7478761159159;Inf
"797";77002;"deficit30";-23,9818383885815;-1,82471967618267;5,93093624728113;46,7632661977125;49,7013682483555
"798";77002;"duration30";-8;0;1;16;19,2
"799";77002;"count30";0;0;0;0;0,8
"800";77002;"intensity30";-6,39527882108173;0,245480882146002;5,08854311609004;7,71772979972127;10,7500945905336
"801";77003;"deficit30";-22,2385396470795;-5,39374721614133;23,5254003907438;46,4652419509318;Inf
"802";77003;"duration30";-9,5;-1,75;-0,5;11,25;18
"803";77003;"count30";-1;-0,75;0;0;0,75
"804";77003;"intensity30";-3,3306413363892;-1,6480708657436;6,74245355916582;10,7996168649556;Inf
"805";77004;"deficit30";-7,3660257736943;15,4304020092105;65,255781643067;Inf;Inf
"806";77004;"duration30";-2,4;-0,5;5;14;21,2
"807";77004;"count30";-0,7;0;0;1;1
"808";77004;"intensity30";-0,290856371915343;3,4481682443141;11,4450057917257;Inf;Inf
"809";78003;"deficit30";-16,0286989223804;6,52439594701668;51,0747975858097;Inf;Inf
"810";78003;"duration30";-6,5;0;2;8;19,6
"811";78003;"count30";-0,65;0;0;0,25;1
"812";78003;"intensity30";-5,08621659329831;1,96102540732829;11,4288239411188;Inf;Inf
"813";78006;"deficit30";18,0765401587168;45,3851186258895;56,2971682683853;89,0742998726715;102,222703015895
"814";78006;"duration30";6,4;12;18;28;30,4
"815";78006;"count30";1,2;2;3;3;3
"816";78006;"intensity30";-5,47454333810756;1,35449898105817;1,75798007574227;5,84706330064448;7,60337831620727
"817";79002;"deficit30";-73,4632309161966;-7,61923769878518;28,8224452507071;336,714366788972;Inf
"818";79002;"duration30";-5,55;-0,25;2;6,25;17,3
"819";79002;"count30";-1;-0,25;0;1;1
"820";79002;"intensity30";-66,9064805783697;-2,64377647288567;4,30611935657814;70,5267630845529;Inf
"821";79003;"deficit30";-72,8381089765783;-7,09351370446358;28,3186319484163;206,963955198167;11646,0145619736
"822";79003;"duration30";-5,85;0,75;1,5;7;16,65
"823";79003;"count30";-0,65;0;0;0,25;1
"824";79003;"intensity30";-66,3976523133619;-3,53694801128085;4,48232772155036;94,1258715464869;2124,79735565105
"825";79006;"deficit30";-73,1539621451178;-7,81028677361203;28,5131564827951;158,357351055227;235470,002575102
"826";79006;"duration30";-5,85;0;2;7,25;17,65
"827";79006;"count30";-1;-0,25;0;1;1
"828";79006;"intensity30";-66,4738442130329;-3,318735513682;3,85192459006622;31,7022126117987;13948,5192116736
"829";81002;"deficit30";-65,927484078697;-3,76418684699723;59,1080515577226;6268,73687586738;Inf
"830";81002;"duration30";-4,4;-1;2;10;15,6
"831";81002;"count30";-0,4;0;0;0;1
"832";81002;"intensity30";-27,6623553249212;-2,13995576129931;11,5636025168465;364,588708269961;Inf
"833";81007;"deficit30";10,161571413202;118,163120079503;151,283727941087;1959,47461490585;4354,2575179058
"834";81007;"duration30";2,15;8,75;14,5;23;35,5
"835";81007;"count30";0;0;1,5;4;4
"836";81007;"intensity30";-1,47632829871731;2,85222610735668;8,64615996104971;95,736225023221;258,012792755414
"837";82001;"deficit30";-14,875578119199;15,4539034263296;57,8679490999425;335,951092755469;3828,31878755698
"838";82001;"duration30";-3,75;2;5,5;13,75;17,65
"839";82001;"count30";0;0;0;0;0,549999999999999
"840";82001;"intensity30";-12,6191616450771;-3,63579186004659;7,41767545362355;40,2004799390344;170,907612450691
"841";83005;"deficit30";-68,0863874588654;-9,9530664897338;45,9824942899981;439,102542271667;Inf
"842";83005;"duration30";-4,6;0;1;5;17,8
"843";83005;"count30";-0,6;0;0;0;1
"844";83005;"intensity30";-62,97562632319;-4,28760588153477;4,17489722167809;146,446876467048;Inf
"845";84003;"deficit30";-22,420409686655;-0,331011954043814;49,3327350253755;Inf;Inf
"846";84003;"duration30";-9,3;-1,5;2;9,5;17,4
"847";84003;"count30";-1;-0,5;0;1;1
"848";84003;"intensity30";-5,13214567921508;-0,163507087822671;11,6325929186071;Inf;Inf
"849";84012;"deficit30";-11,9723303265382;2,86712879289887;54,4552713549392;Inf;Inf
"850";84012;"duration30";-4,8;1;1;3;18,2
"851";84012;"count30";-0,6;0;0;0;1
"852";84012;"intensity30";-6,25209535597255;0,270113841846617;21,6942985445453;Inf;Inf
"853";84013;"deficit30";-18,5388069286658;0,746754805138465;61,6657413491936;Inf;Inf
"854";84013;"duration30";-7,4;0;1;3;17,2
"855";84013;"count30";-1;0;0;1;1
"856";84013;"intensity30";-7,20544030090022;4,11129362480643;19,2415781225694;Inf;Inf
"857";84018;"deficit30";-23,3331086051012;-2,4198507429908;27,7309843029571;50,3272155456889;Inf
"858";84018;"duration30";-10,25;-1;3;13,75;17,75
"859";84018;"count30";-1;-1;-0,5;0,75;1
"860";84018;"intensity30";-6,20134794192227;-1,3508743376029;6,2354271567396;14,6256841089357;Inf
"861";84020;"deficit30";-4,91756978162344;27,9156390816049;100,200748549816;149,306957199231;448,31520015158
"862";84020;"duration30";-2,4;4,75;12;16;18,1
"863";84020;"count30";-0,55;0;1;1;1
"864";84020;"intensity30";-4,63217920785032;9,08681342850651;17,9519639202257;28,9111488202411;63,7172819840391
"865";84022;"deficit30";-19,0606755694141;1,30346962187988;42,6520434371101;Inf;Inf
"866";84022;"duration30";-8,3;-1;3;10,5;17,4
"867";84022;"count30";-1;-0,5;0;0;0,699999999999999
"868";84022;"intensity30";-3,95142668673317;-0,0353265299415879;6,86452331298725;Inf;Inf
"869";84026;"deficit30";-51,6967803429646;5,85167312756638;62,2474052654808;12300,6120551983;Inf
"870";84026;"duration30";-2,5;0;1;5;15,9
"871";84026;"count30";0;0;0;1;1
"872";84026;"intensity30";-28,3412173784243;-1,12030741881705;21,298817284849;335,424336892235;Inf
"873";84037;"deficit30";-8,33756969195022;97,35849728209;147,922335334104;Inf;Inf
"874";84037;"duration30";0;2;14;29;37,6
"875";84037;"count30";0;0;3;4;5
"876";84037;"intensity30";-26,4906222641003;2,22117194379425;5,97451538305022;Inf;Inf
"877";85001;"deficit30";-14,6564462651327;19,942838455448;91,1984813778402;280,083226616545;770,837447119045
"878";85001;"duration30";-0,0499999999999998;4;7;11,75;19,1
"879";85001;"count30";0;0;0;1;1,05
"880";85001;"intensity30";-20,4813605736212;-6,82302750760413;13,3964173065599;37,3746921432766;87,8549724225505
"881";85003;"deficit30";4,36949874127438;71,6515717381537;102,034737406836;330,452396970583;Inf
"882";85003;"duration30";0,850000000000001;3,75;7;10,75;21
"883";85003;"count30";-0,0499999999999998;0;0;1;1,05
"884";85003;"intensity30";-7,64127375718477;1,49894555329439;13,4417588329093;41,5694648487089;Inf
"885";85004;"deficit30";6,14494062782958;20,2114077780828;122,993804183571;223,235934874366;Inf
"886";85004;"duration30";-0,25;1,75;5;9,25;28,75
"887";85004;"count30";0;0;0,5;1,25;2,25
"888";85004;"intensity30";-18,6210396278589;2,77927677104475;12,1407818968304;37,9155118512641;Inf
"889";89003;"deficit30";33,6969491475321;110,841478064979;159,94307115138;402,716260669256;Inf
"890";89003;"duration30";1,5;6,75;10;20,25;27,75
"891";89003;"count30";0;0;1;1;2
"892";89003;"intensity30";-5,05020469337377;10,9749236127367;17,7673653681164;32,7841460278222;Inf
"893";89004;"deficit30";16,2579917634855;95,7085942782848;152,286564400576;345,372851787465;Inf
"894";89004;"duration30";0;7;9,5;15,75;27,15
"895";89004;"count30";0;0;0,5;1;2,15
"896";89004;"intensity30";-23,5805847269417;1,00219545168548;17,5412109986653;45,6799643922402;Inf
"897";90003;"deficit30";85,9430748269913;132,857461182073;214,937301559385;426,53832553771;Inf
"898";90003;"duration30";6;10,5;16,5;24,75;31,25
"899";90003;"count30";0;0,75;1;2;3,25
"900";90003;"intensity30";-6,49840278430964;10,7763916460061;17,3471098701663;36,3522095362247;Inf
"901";93001;"deficit30";59,7285604111246;99,3851790342813;183,840576850336;372,610600539633;1124,06361731793
"902";93001;"duration30";5,7;9;10;17,5;28,1
"903";93001;"count30";0;0;1;1;2,3
"904";93001;"intensity30";-9,98013519803876;3,96593731028731;14,9729924553634;26,5879779173202;142,355545618849
"905";94001;"deficit30";30,042732685763;91,3210454282202;146,13787703714;239,080526306189;906,336420746368
"906";94001;"duration30";6,4;8,5;10;17;22,9
"907";94001;"count30";0;0;0;0,5;1
"908";94001;"intensity30";-1,99366718370697;10,1325031278421;16,6123513734731;27,7944674917978;99,0286240224342
"909";95001;"deficit30";41,0066664161276;73,9819581570824;203,70533564857;538,298316112218;2375,12692085334
"910";95001;"duration30";4;5;7;14;30,9
"911";95001;"count30";-0,3;0;0;0;2
"912";95001;"intensity30";-2,69578346946393;7,63575053785547;25,6467563251926;55,0203943524306;261,957277398317
"913";96002;"deficit30";24,2700895668441;67,3647065292423;367,614252819137;4353,92344699299;Inf
"914";96002;"duration30";0;2,5;7,5;12,5;22,6
"915";96002;"count30";-0,15;0;0;0,75;2
"916";96002;"intensity30";-19,121673061327;5,53094553565298;18,4392862899098;175,733557521033;Inf
"917";97002;"deficit30";4,32231685343937;83,8391351290335;119,319071721849;333,876609750518;4247,6218872616
"918";97002;"duration30";-0,3;9;13;15,5;25,9
"919";97002;"count30";0;0;0;1;2
"920";97002;"intensity30";5,07555341115621;15,9164540251591;21,1694434340696;57,6783855391898;232,879765050828
"921";106001;"deficit30";399,830244082553;638,650372734957;27260,0070606743;Inf;Inf
"922";106001;"duration30";1,7;5,5;9;35,5;50,9
"923";106001;"count30";0;0;0;5;7
"924";106001;"intensity30";12,0871872583221;19,5297050077;580,597190564037;Inf;Inf
"925";201005;"deficit30";-3,4730094181951;-0,649997650425229;16,1286576986323;35,8243285427109;41,5363361080108
"926";201005;"duration30";-0,8;0;9;19;19,8
"927";201005;"count30";-1;-1;0;0;0,8
"928";201005;"intensity30";-3,16053293779821;0,282240977519848;4,18619713913416;6,86109193360319;14,6951134290311
"929";201010;"deficit30";38,8639026722453;45,4437304233277;69,5739338036546;89,3293742602397;Inf
"930";201010;"duration30";4,5;18,5;23,5;33;36,5
"931";201010;"count30";0,25;1,25;2;2;2,75
"932";201010;"intensity30";-0,527970881926653;2,34849938908405;8,03373377466188;15,639390166955;Inf
"933";202002;"deficit30";-0,794194315214117;4,73825050405699;25,7204333223612;52,7996854410505;59,4686105034113
"934";202002;"duration30";2,4;4;14;22;22,8
"935";202002;"count30";0,2;1;1;2;2
"936";202002;"intensity30";-7,50158644402135;-1,36849982444589;-1,03184837308421;3,46721557008276;13,2875341899836
"937";203040;"deficit30";16,0120791785958;31,2030864035146;72,8462275940961;255,314472534729;Inf
"938";203040;"duration30";1,4;8;14;16;32,8
"939";203040;"count30";0;0;1;1;1
"940";203040;"intensity30";-7,26567207482696;-3,50442851883288;13,3969749177117;16,4326540492874;Inf
"941";203042;"deficit30";19,7078686393489;28,3842292284448;36,6120151484769;71,7595856416078;77,7665977815015
"942";203042;"duration30";11;11;17;25;29,8
"943";203042;"count30";1,2;2;2;3;3
"944";203042;"intensity30";-6,13756361413324;-0,279589563113878;-0,0418889417660462;8,41323527255972;11,5377777020466
"945";203049;"deficit30";45,2569587481794;52,675853168507;62,2414560902215;88,7537996334001;90,2055007133362
"946";203049;"duration30";18,4;20;26;32;34,4
"947";203049;"count30";3;3;4;4;4
"948";203049;"intensity30";-4,25639501728474;1,10812590800618;3,95152224991554;7,17302737167142;10,9072627966085
"949";203092;"deficit30";44,7438291199364;51,6359935834407;75,8542981998542;86,5788232136775;Inf
"950";203092;"duration30";6;18,75;24;30;33,25
"951";203092;"count30";0,5;2;2,5;3;3,75
"952";203092;"intensity30";-3,09398395484438;-1,11875623973696;4,97824353507902;9,78730017804414;Inf
"953";203093;"deficit30";46,5249211057733;56,3746546147768;76,7832332333436;91,6172855645939;Inf
"954";203093;"duration30";6;18,75;24,5;31,75;34,5
"955";203093;"count30";0,5;2;3;4;4
"956";203093;"intensity30";-4,20832075670806;-0,11055557099659;4,48497041996724;9,14103100631927;Inf
"957";203097;"deficit30";126,315679286298;164,615041814515;849,999332942311;5189,23271909068;Inf
"958";203097;"duration30";1;2;11;32,25;40,9
"959";203097;"count30";0;0;0,5;4;4,45
"960";203097;"intensity30";-3,94498349495741;9,79806534589495;61,9079751000687;315,584966842843;Inf
"961";205004;"deficit30";-9,76094338182463;0,778461758211572;50,4732570737099;Inf;Inf
"962";205004;"duration30";-1,7;-0,5;0;8;17,1
"963";205004;"count30";-0,7;0;0;0;0
"964";205004;"intensity30";-6,56724553674338;1,03175288723482;15,0086496461353;Inf;Inf
"965";205008;"deficit30";-52,9853467335687;2,69188353059811;25,8730498860003;1925,75081504829;Inf
"966";205008;"duration30";-2,65;0;3;7;16,75
"967";205008;"count30";0;0;0;0;1,1
"968";205008;"intensity30";-46,7388493538224;1,62894926103929;10,7331985209075;169,098900638277;Inf
"969";205011;"deficit30";-52,041210027581;-2,41719244101303;91,3502426423293;160,536924539152;Inf
"970";205011;"duration30";0;0;3;15;23,8
"971";205011;"count30";0;0;1;1;1,4
"972";205011;"intensity30";-49,6514237594589;-7,87459602235853;11,5343126271185;37,7428822358633;Inf
"973";205020;"deficit30";-20,8874012594386;54,8142518258442;272,657391759877;1042,8593411942;Inf
"974";205020;"duration30";-0,0499999999999998;1;6,5;15;24,05
"975";205020;"count30";0;0;0;1;2,05
"976";205020;"intensity30";-27,3201113582264;-0,153473153416946;69,5508585312778;145,410667354389;Inf
"977";205029;"deficit30";182,969012383172;208,176313346636;241,044706341579;Inf;Inf
"978";205029;"duration30";0;19,5;41;51;58
"979";205029;"count30";0;2,5;6;7;7
"980";205029;"intensity30";-2,84016804232737;1,7429087699882;11,8641457960805;Inf;Inf
"981";206002;"deficit30";-6,63149219169106;10,5439953210204;63,1477810265406;2562,06578469893;Inf
"982";206002;"duration30";-1,6;1;4;8;16
"983";206002;"count30";0;0;0;0,5;1,3
"984";206002;"intensity30";-17,8684518597629;-1,49012568870107;28,7494171699072;195,365365285454;Inf
"985";236005;"deficit30";27,9473963861669;38,1340257406273;66,1932842497614;Inf;Inf
"986";236005;"duration30";0,3;7;15;28;30
"987";236005;"count30";0;1;2;2,5;3
"988";236005;"intensity30";-1,1158467561413;0,335296560401338;3,63931180412276;Inf;Inf
"989";236051;"deficit30";139,734049106494;164,833541389822;211,158450960779;Inf;Inf
"990";236051;"duration30";0;3;39;52;56
"991";236051;"count30";0;0;3;5;5,6
"992";236051;"intensity30";2,70739510996296;4,62559659844819;9,13588172883903;Inf;Inf
